2158 1	2	7	10	11	12	13	18	20	23	24	26	31	32	34	35	40	41	45	47	48	60	61	62	65	67	72	75	77	84	86	88	89	92	94	95	97	98	100	103	107	109	112	113	118	119	123	125	126	127	129	132	134	136	138	145	148	149	150	156	157	159	163	172	176	182	184	186	187	188	192	193	194	195	196	197	199	204	205	210	211	213	214	216	220	224	225	228	233	237	241	243	247	253	254	260	265	267	268	270	273	274	275	277	279	281	282	288	289	290	293	294	302	304	305	308	310	311	312	313	314	316	317	318	322	323	325	326	328	329	330	331	333	336	338	340	342	344	346	347	348	349	350	352	356	359	363	364	365	371	372	375	378	379	380	381	383	384	385	387	388	390	391	392	397	406	410	412	413	414	415	416	419	421	422	424	426	428	431	433	434	436	438	442	453	455	457	459	460	462	467	468	469	471	472	474	475	476	477	479	480	482	496	497	498	499	500	501	502	503	507	508	510	513	516	519	520	521	523	525	526	528	530	531	534	536	538	540	543	545	550	553	555	556	558	560	562	563	564	566	567	568	569	572	574	579	580	581	584	590	595	597	600	602	604	605	607	610	611	612	615	617	620	624	625	626	627	628	631	632	633	634	635	636	638	639	640	642	646	647	649	650	652	653	659	662	663	664	666	673	675	679	681	684	686	689	691	696	698	701	702	705	707	710	712	713	714	716	722	724	727	729	730	731	732	733	736	738	739	740	742	745	746	749	752	754	756	761	762	764	766	767	769	770	771	772	774	775	778	779	780	782	783	788	791	793	795	796	800	807	811	812	814	815	816	818	821	822	823	825	828	832	834	841	844	845	849	851	853	854	857	859	860	868	871	873	874	877	880	881	885	886	887	888	889	890	894	895	896	899	900	901	904	905	907	913	918	919	923	927	928	932	934	935	937	938	939	940	942	948	949	951	953	955	956	958	961	962	966	969	978	979	980	985	987	992	993	995	999	1001	1003	1004	1006	1007	1013	1015	1018	1022	1023	1025	1029	1032	1036	1040	1041	1046	1049	1051	1057	1058	1059	1062	1063	1064	1066	1067	1068	1069	1075	1080	1081	1082	1083	1085	1088	1089	1092	1093	1094	1096	1100	1103	1105	1109	1113	1114	1116	1117	1119	1121	1124	1125	1127	1129	1132	1137	1138	1141	1142	1143	1144	1147	1148	1149	1155	1156	1157	1158	1159	1161	1163	1168	1169	1171	1173	1176	1179	1181	1185	1186	1187	1191	1193	1194	1195	1196	1197	1201	1203	1204	1206	1207	1209	1210	1211	1212	1214	1216	1222	1224	1227	1230	1232	1239	1240	1243	1246	1247	1248	1249	1250	1251	1252	1257	1258	1259	1260	1261	1262	1269	1271	1274	1276	1277	1278	1282	1284	1286	1287	1292	1293	1295	1297	1298	1300	1302	1304	1307	1312	1315	1316	1317	1318	1321	1323	1325	1326	1328	1332	1333	1334	1337	1338	1339	1341	1342	1345	1347	1348	1349	1351	1352	1355	1360	1361	1365	1367	1369	1370	1371	1376	1377	1378	1379	1381	1382	1384	1392	1393	1394	1395	1396	1397	1398	1399	1400	1401	1402	1405	1413	1415	1416	1418	1422	1425	1427	1428	1432	1436	1441	1442	1445	1447	1448	1452	1455	1457	1458	1459	1460	1465	1466	1467	1468	1469	1472	1473	1475	1476	1477	1479	1484	1486	1487	1492	1493	1494	1497	1498	1499	1500	1504	1506	1507	1510	1513	1514	1516	1523	1524	1526	1527	1532	1534	1535	1537	1542	1544	1550	1551	1553	1555	1558	1561	1562	1566	1567	1568	1569	1570	1571	1572	1575	1578	1582	1584	1587	1588	1594	1595	1597	1598	1600	1602	1604	1608	1611	1612	1613	1621	1622	1625	1629	1636	1637	1639	1643	1647	1649	1651	1656	1659	1662	1663	1664	1669	1670	1673	1679	1683	1684	1686	1690	1691	1694	1700	1701	1704	1706	1711	1712	1717	1718	1720	1721	1723	1726	1732	1733	1735	1738	1746	1750	1754	1756	1758	1761	1762	1765	1769	1770	1772	1773	1774	1777	1779	1780	1785	1789	1790	1791	1794	1796	1797	1799	1800	1805	1807	1813	1815	1816	1818	1819	1821	1828	1832	1834	1835	1836	1838	1841	1842	1845	1846	1850	1852	1857	1859	1863	1864	1865	1867	1868	1869	1878	1879	1881	1882	1883	1885	1888	1892	1893	1900	1901	1903	1904	1905	1907	1908	1911	1913	1914	1917	1918	1921	1922	1924	1927	1930	1932	1934	1935	1936	1937	1938	1939	1943	1949	1952	1953	1955	1957	1959	1961	1962	1963	1966	1970	1971	1972	1974	1975	1978	1979	1981	1982	1984	1987	1989	1990	1992	1995	2000	2002	2004	2005	2007	2008	2010	2011	2012	2013	2014	2015	2016	2017	2020	2025	2030	2032	2033	2034	2035	2038	2041	2046	2048	2050	2052	2053	2060	2062	2064	2065	2066	2067	2068	2069	2072	2073	2074	2075	2078	2079	2084	2086	2088	2089	2094	2095	2096	2098	2105	2107	2108	2109	2111	2118	2119	2121	2123	2127	2129	2136	2137	2139	2140	2143	2145	2147	2148	2150	2153	2154	2156	2158	2163	2164	2166	2167	2169	2170	2171	2179	2185	2189	2192	2194	2195	2196	2202	2203	2205	2206	2207	2213	2215	2217	2219	2221	2223	2227	2229	2230	2232	2233	2237	2239	2241	2242	2246	2250	2252	2254	2255	2257	2259	2260	2261	2262	2264	2266	2269	2270	2272	2274	2275	2277	2281	2283	2285	2288	2291	2294	2299	2300	2301	2305	2306	2307	2308	2309	2310	2313	2317	2319	2322	2323	2324	2328	2329	2332	2339	2340	2342	2343	2346	2347	2349	2352	2353	2356	2357	2358	2361	2363	2364	2366	2367	2368	2372	2378	2380	2381	2383	2385	2387	2388	2391	2393	2397	2398	2399	2400	2406	2409	2413	2414	2415	2416	2417	2418	2419	2421	2423	2426	2427	2430	2431	2432	2434	2435	2440	2445	2446	2448	2449	2453	2454	2458	2467	2469	2471	2472	2473	2474	2476	2480	2488	2490	2492	2493	2494	2497	2503	2511	2512	2518	2524	2525	2527	2528	2529	2533	2534	2535	2539	2540	2541	2543	2545	2550	2554	2555	2556	2557	2560	2561	2564	2565	2567	2568	2571	2573	2574	2575	2576	2579	2580	2581	2586	2587	2588	2589	2594	2595	2598	2599	2600	2607	2610	2612	2613	2615	2616	2619	2621	2622	2623	2625	2632	2634	2635	2637	2638	2639	2641	2642	2646	2647	2648	2649	2650	2651	2654	2661	2662	2663	2664	2665	2669	2670	2672	2674	2676	2677	2678	2679	2686	2687	2688	2691	2692	2697	2699	2700	2702	2703	2704	2706	2710	2711	2712	2714	2715	2718	2722	2725	2727	2728	2730	2733	2735	2737	2742	2743	2744	2745	2746	2752	2753	2755	2756	2758	2759	2761	2762	2764	2766	2767	2768	2770	2772	2776	2777	2781	2782	2783	2785	2786	2787	2789	2791	2795	2801	2804	2806	2810	2811	2812	2813	2815	2824	2827	2833	2834	2835	2837	2841	2842	2846	2847	2850	2854	2859	2860	2861	2863	2865	2868	2870	2873	2877	2878	2879	2880	2882	2884	2886	2889	2890	2892	2894	2895	2896	2898	2900	2901	2903	2904	2906	2908	2912	2914	2915	2918	2919	2921	2922	2929	2932	2936	2941	2942	2943	2945	2949	2956	2957	2958	2959	2960	2961	2962	2963	2964	2966	2969	2972	2973	2975	2976	2978	2980	2981	2982	2983	2987	2989	2991	2998	3002	3009	3011	3012	3017	3020	3021	3027	3029	3030	3031	3033	3036	3043	3046	3048	3049	3050	3051	3054	3055	3058	3059	3060	3064	3066	3072	3073	3076	3080	3083	3084	3085	3086	3089	3090	3095	3096	3103	3105	3106	3107	3108	3111	3114	3115	3118	3120	3122	3124	3130	3131	3133	3136	3137	3139	3140	3141	3144	3150	3153	3155	3158	3159	3162	3163	3167	3169	3172	3173	3174	3175	3176	3177	3183	3184	3186	3188	3192	3198	3199	3209	3212	3213	3218	3221	3223	3224	3226	3227	3232	3236	3237	3239	3240	3243	3246	3251	3255	3260	3265	3266	3278	3279	3283	3284	3288	3292	3300	3301	3303	3305	3306	3307	3309	3312	3314	3323	3326	3328	3330	3332	3334	3336	3338	3341	3342	3343	3347	3348	3349	3351	3352	3354	3357	3358	3363	3364	3369	3373	3378	3379	3381	3382	3383	3386	3387	3389	3390	3391	3399	3400	3403	3404	3406	3409	3414	3416	3419	3420	3423	3425	3426	3427	3431	3432	3433	3436	3438	3439	3442	3444	3446	3448	3451	3453	3456	3459	3462	3463	3464	3470	3472	3473	3474	3475	3479	3481	3483	3484	3485	3486	3490	3493	3494	3496	3499	3502	3503	3505	3507	3509	3510	3513	3518	3520	3521	3525	3528	3532	3533	3537	3539	3541	3543	3544	3545	3546	3547	3548	3552	3553	3555	3556	3557	3559	3561	3563	3569	3572	3576	3581	3582	3583	3588	3591	3592	3598	3604	3605	3606	3609	3610	3613	3614	3615	3616	3618	3620	3622	3627	3628	3630	3632	3634	3635	3637	3644	3647	3650	3651	3652	3653	3655	3657	3660	3661	3664	3669	3672	3674	3675	3676	3677	3678	3680	3681	3683	3684	3687	3688	3690	3693	3695	3696	3699	3701	3706	3716	3717	3723	3725	3726	3729	3732	3734	3737	3739	3741	3742	3744	3746	3747	3750	3752	3754	3757	3758	3759	3760	3761	3764	3765	3766	3770	3771	3776	3777	3780	3781	3784	3787	3791	3794	3795	3796	3801	3803	3804	3808	3809	3811	3813	3822	3823	3824	3828	3829	3830	3833	3834	3836	3837	3840	3841	3842	3843	3846	3848	3849	3850	3853	3854	3858	3860	3864	3865	3866	3867	3868	3869	3873	3874	3875	3876	3879	3882	3883	3884	3893	3894	3895	3896	3897	3898	3901	3904	3907	3908	3910	3916	3917	3919	3921	3922	3923	3933	3934	3935	3937	3939	3940	3941	3943	3947	3948	3951	3952	3956	3959	3961	3962	3965	3966	3967	3968	3970	3973	3978	3983	3985	3986	3988	3989	3993	3998	3999	4001	4004	4005	4006	4007	4013	4014	4015	4018	4019	4021	4022	4026	4029	4031	4032	4036	4037	4038	4042	4043	4044	4047	4052	4053	4055	4060	4064	4074	4076	4078	4083	4084	4085	4089	4090	4091	4093	4096	4097	4099	4100	4101	4104	4105	4106	4111	4112	4115	4116	4117	4120	4123	4124	4126	4128	4134	4136	4139	4146	4147	4151	4152	4153	4154	4155	4156	4161	4163	4165	4168	4169	4172	4174	4180	4181	4191	4193	4194	4199	4200	4203	4206	4207	4211	4215	4220	4221	4223	4229	4232	4235	4236	4238	4244	4245	4247	4249	4250	4251	4252	4253	4255	4256	4259	4261	4262	4263	4266	4269	4270	4271	4273	4274	4276	4279	4283	4284	4285	4286	4287	4288	4290	4292	4295	4297	4298	4299	4301	4303	4304	4307	4308	4309	4318	4319	4320	4322	4323	4324	4328	4329	4333	4339	4341	4346	4347	4351	4352	4353	4361	4364	4365	4367	4368	4370	4372	4374	4375	4382	4383	4384	4387	4388	4393	4394	4398	4402	4406	4408	4409	4412	4415	4420	4424	4428	4431	4434	4436	4438	4440	4441	4445	4447	4448	4450	4453	4455	4457	4461	4463	4465	4466	4467	4469	4470	4471	4474	4476	4478	4479	4484	4490	4491	4492	4493	4498	4500	4501	4503	4504	4513	4515	4517	4520	4522	4523	4524	4526	4527	4530	4531	4532	4533	4535	4540	4542	4543	4549	4553	4554	4555	4557	4558	4559	4560	4562	4563	4568	4569	4572	4573	4577	4579	4580	4584	4585	4586	4588	4589	4593	4594	4598	4599	4601	4604	4608	4612	4614	4617	4618	4619	4620	4622	4623	4624	4627	4628	4630	4631	4632	4633	4634	4638	4639	4641	4643	4645	4653	4656	4661	4664	4666	4669	4670	4671	4672	4674	4679	4684	4688	4690	4696	4698	4700	4702	4705	4706	4707	4708	4710	4713	4714	4715	4716	4718	4720	4724	4725	4726	4727	4728	4730	4732	4734	4735	4737	4739	4745	4749	4750	4752	4754	4758	4760	4761	4766	4770	4771	4772	4774	4778	4779	4784	4785	4790	4793	4795	4797	4799	4802	4804	4807	4811	4814	4815	4818	4820	4823	4824	4831	4832	4833	4835	4839	4841	4843	4845	4848	4852	4854	4856	4857	4858	4859	4861	4863	4865	4866	4868	4869	4872	4873	4875	4877	4878	4880	4881	4883	4886	4891	4896	4899	4901	4902	4905	4909	4910	4912	4914	4915	4917	4918	4919	4923	4925	4927	4928	4931	4935	4937	4939	4940	4945	4946	4950	4954	4955	4956	4958	4959	4960	4961	4962	4966	4969	4970	4972	4973	4984	4985	4986	4991	4993	4994	4995	4996	4997	4999
45 51	158	307	382	741	773	838	909	1165	1245	1273	1388	1435	1645	1722	1996	2003	2087	2120	2193	2375	2572	2633	2968	3102	3320	3367	3374	3488	3523	3568	3625	3736	3857	3942	3982	4039	4109	4338	4340	4511	4611	4676	4701	4729
206 9	25	33	76	78	91	93	114	128	151	153	177	191	200	236	262	264	271	300	357	369	408	418	420	423	430	441	446	451	454	533	537	552	578	690	695	704	787	813	820	848	852	916	941	945	954	1005	1020	1086	1087	1101	1126	1128	1226	1231	1313	1357	1364	1426	1431	1433	1437	1446	1474	1489	1501	1525	1530	1552	1554	1577	1583	1605	1634	1640	1650	1672	1729	1741	1745	1755	1759	1760	1826	1880	1897	1902	1916	1931	1956	1968	2019	2114	2180	2188	2191	2225	2256	2286	2304	2312	2320	2404	2420	2477	2495	2517	2604	2657	2684	2720	2747	2750	2760	2765	2803	2807	2848	2885	2897	2940	2946	2986	2988	2992	2993	2994	2999	3016	3032	3039	3061	3063	3068	3081	3117	3180	3206	3211	3216	3230	3242	3247	3252	3257	3271	3272	3273	3308	3318	3365	3467	3476	3492	3501	3504	3633	3640	3648	3665	3673	3686	3700	3709	3713	3745	3762	3863	3892	3913	3914	3930	4024	4095	4110	4137	4140	4141	4157	4179	4183	4188	4195	4278	4281	4312	4342	4371	4379	4411	4423	4489	4510	4534	4539	4652	4657	4677	4740	4780	4794	4827	4864	4893	4947	4963
302 4	53	79	96	99	101	117	131	144	146	173	175	178	183	235	249	285	291	306	321	370	377	404	425	443	505	509	544	549	577	587	641	660	677	693	694	709	715	750	765	768	784	786	790	801	806	817	824	855	914	930	943	972	976	1031	1043	1060	1073	1084	1102	1112	1122	1133	1146	1162	1167	1178	1202	1208	1219	1221	1228	1229	1242	1253	1254	1280	1288	1296	1322	1335	1340	1366	1406	1421	1481	1512	1518	1522	1531	1580	1586	1603	1609	1617	1638	1648	1653	1655	1692	1698	1727	1734	1740	1757	1778	1782	1784	1803	1854	1898	1899	1910	1960	1973	1976	1997	2047	2057	2071	2104	2141	2146	2152	2157	2159	2175	2176	2178	2184	2187	2218	2247	2295	2302	2326	2330	2338	2344	2360	2370	2374	2389	2447	2460	2464	2501	2502	2513	2522	2569	2601	2643	2652	2659	2681	2724	2732	2734	2738	2763	2780	2796	2805	2818	2820	2821	2836	2844	2866	2881	2933	2937	2948	2952	2954	2955	3005	3007	3065	3101	3116	3119	3126	3127	3132	3156	3207	3231	3233	3253	3322	3325	3344	3353	3361	3375	3384	3408	3412	3469	3497	3512	3519	3524	3530	3534	3554	3558	3574	3584	3589	3600	3612	3624	3636	3639	3666	3727	3731	3774	3778	3789	3819	3832	3835	3880	3888	3918	3924	3945	3980	4009	4033	4118	4125	4182	4185	4205	4210	4213	4216	4225	4227	4246	4248	4254	4260	4277	4311	4330	4348	4366	4376	4391	4400	4418	4430	4435	4452	4456	4459	4483	4488	4518	4528	4529	4537	4544	4566	4575	4597	4602	4625	4642	4649	4655	4660	4675	4681	4682	4691	4709	4723	4731	4736	4746	4753	4762	4801	4803	4806	4822	4842	4876	4884	4889	4911	4922	4980	4982	4989
41 15	222	257	861	929	1120	1264	1283	1386	1456	1470	1490	2126	2186	2208	2210	2226	2311	2402	2609	2784	2913	3045	3078	3417	3694	3712	3733	3821	3925	3928	4010	4196	4296	4421	4449	4505	4646	4663	4840	4853
22 73	829	870	1010	1078	1299	1356	1443	1488	1719	1802	2456	2739	3088	3200	3371	3398	3590	4070	4079	4212	4268
24 143	162	251	809	842	1810	1947	2081	2287	2439	2547	2717	2775	3004	3179	3219	3276	3293	3339	4086	4357	4392	4733	4788
369 17	37	43	52	105	106	108	111	121	167	202	203	207	231	245	248	255	335	339	341	351	355	358	361	374	386	393	394	395	403	429	439	445	447	470	473	490	491	512	515	522	524	527	532	561	570	571	573	613	618	623	629	643	654	657	658	665	670	674	678	680	685	706	708	719	721	726	735	737	758	763	797	799	805	833	839	864	876	878	882	883	891	922	957	965	974	988	1002	1016	1024	1028	1037	1053	1097	1104	1130	1145	1151	1152	1164	1198	1205	1217	1235	1256	1263	1270	1289	1329	1330	1368	1372	1403	1411	1419	1420	1430	1434	1438	1464	1520	1528	1543	1564	1576	1614	1626	1630	1631	1641	1671	1677	1715	1731	1737	1744	1766	1787	1795	1830	1844	1851	1858	1872	1944	1946	1999	2001	2022	2027	2076	2080	2092	2099	2115	2122	2135	2144	2162	2165	2168	2174	2183	2198	2200	2216	2220	2222	2248	2251	2263	2265	2276	2284	2297	2341	2351	2396	2407	2412	2457	2478	2481	2509	2531	2553	2583	2591	2614	2626	2640	2644	2683	2693	2694	2696	2709	2721	2771	2778	2779	2793	2808	2819	2822	2826	2840	2887	2893	2902	2909	2944	2947	2984	2997	3013	3015	3022	3034	3035	3056	3074	3075	3082	3093	3097	3142	3145	3151	3157	3161	3165	3170	3181	3182	3208	3220	3234	3245	3250	3311	3329	3333	3345	3350	3359	3394	3411	3418	3428	3430	3440	3450	3457	3458	3468	3489	3498	3500	3516	3517	3551	3562	3571	3578	3603	3611	3638	3641	3663	3685	3689	3697	3702	3719	3720	3724	3730	3768	3769	3772	3775	3786	3799	3806	3855	3881	3885	3887	3890	3929	3955	3969	3974	3984	3992	3996	4011	4041	4054	4058	4068	4081	4082	4087	4114	4119	4121	4159	4171	4175	4176	4190	4204	4214	4228	4241	4242	4265	4272	4291	4294	4306	4317	4356	4358	4362	4385	4390	4417	4422	4425	4432	4446	4462	4480	4482	4506	4548	4552	4596	4636	4637	4644	4648	4668	4680	4695	4697	4712	4765	4798	4810	4821	4847	4850	4860	4874	4887	4888	4890	4892	4898	4903	4906	4907	4916	4948	4951
20 292	903	977	2133	2365	2384	2428	2582	2843	2974	3317	3331	3570	3711	3856	3889	4127	4381	4741	4981
325 38	42	58	81	115	181	201	221	244	258	272	278	284	286	295	303	354	399	401	435	437	464	488	517	582	585	594	596	614	651	711	718	743	751	757	781	792	798	826	836	837	879	911	920	933	967	981	982	984	997	1012	1014	1027	1034	1039	1047	1050	1052	1056	1070	1071	1072	1106	1131	1135	1150	1170	1174	1184	1213	1220	1236	1238	1266	1268	1272	1279	1285	1291	1303	1346	1359	1390	1407	1429	1503	1519	1533	1541	1557	1585	1624	1635	1644	1657	1674	1680	1682	1689	1695	1710	1713	1716	1724	1739	1752	1764	1786	1808	1811	1823	1853	1860	1890	1920	1986	1988	1993	1998	2018	2021	2026	2031	2037	2059	2061	2063	2077	2093	2100	2110	2117	2124	2131	2160	2161	2173	2177	2190	2209	2228	2258	2268	2280	2315	2316	2335	2345	2359	2392	2429	2437	2441	2466	2483	2520	2526	2530	2536	2537	2548	2577	2585	2620	2653	2655	2716	2741	2749	2754	2769	2797	2839	2849	2867	2891	2907	2920	2926	2930	2939	2965	2971	2977	2990	2995	3023	3024	3053	3057	3069	3094	3099	3112	3121	3125	3148	3168	3187	3193	3204	3229	3238	3248	3268	3274	3281	3295	3296	3297	3310	3316	3337	3355	3356	3368	3370	3380	3388	3393	3402	3434	3445	3452	3477	3491	3506	3536	3560	3567	3595	3602	3649	3671	3682	3698	3704	3715	3740	3756	3767	3805	3817	3827	3847	3870	3871	3909	3915	3927	3963	3971	3990	4000	4002	4012	4027	4030	4034	4107	4149	4150	4160	4166	4184	4189	4198	4208	4239	4310	4326	4343	4349	4386	4389	4397	4444	4454	4460	4468	4508	4519	4521	4536	4541	4545	4550	4561	4567	4571	4574	4578	4583	4600	4613	4662	4665	4667	4686	4689	4694	4704	4719	4748	4763	4764	4767	4800	4808	4812	4817	4819	4825	4826	4828	4851	4871	4882	4897	4908	4933	4936	4953	4983	4992
32 345	405	409	747	1308	1450	1461	1546	1549	1563	1601	1668	1948	2113	2155	2390	2444	2858	3185	3225	3269	3302	3550	3623	4197	4344	4497	4685	4703	4751	4789	4837
70 66	102	180	250	259	315	417	449	591	630	699	717	760	827	936	944	996	1107	1190	1199	1281	1354	1454	1509	1615	1616	1705	1751	1792	1877	1965	2024	2142	2182	2298	2422	2484	2542	2551	2666	2757	2774	2814	2829	3008	3025	3038	3044	3254	3259	3435	3465	3679	3691	3862	3902	4025	4056	4075	4142	4144	4178	4350	4486	4592	4626	4683	4879	4885	4987
62 83	104	219	298	327	396	559	565	830	846	1033	1035	1074	1134	1136	1177	1192	1225	1294	1358	1496	1592	1748	1771	1781	1837	1887	1895	1980	2042	2130	2245	2362	2369	2451	2461	2546	2570	2617	2713	2792	2802	2928	2950	3001	3091	3152	3244	3460	3722	3886	4020	4059	4067	4103	4258	4335	4407	4410	4757	4895	4988
133 46	49	74	85	110	141	170	232	239	242	246	256	299	334	343	366	389	452	483	489	494	504	506	518	547	608	622	645	687	703	777	794	847	850	986	1000	1008	1030	1038	1110	1241	1319	1350	1380	1383	1482	1548	1556	1591	1628	1654	1661	1697	1804	1806	1817	1840	1871	1889	1928	1929	1954	1969	2006	2028	2039	2040	2231	2278	2325	2348	2379	2425	2459	2519	2538	2559	2566	2627	2675	2705	2723	2794	2838	2856	2857	2864	2871	2917	3006	3028	3070	3077	3214	3222	3298	3313	3396	3449	3480	3511	3526	3531	3645	3708	3820	3950	3995	4028	4131	4234	4316	4354	4373	4413	4416	4426	4429	4458	4507	4565	4576	4591	4640	4647	4651	4717	4773	4775	4834	4913	4934	4949
109 6	16	82	171	229	427	461	586	671	672	744	759	803	810	835	862	892	925	947	959	960	991	1021	1065	1290	1310	1423	1463	1517	1579	1607	1623	1708	1714	1749	1793	1822	1825	1862	1909	1912	1994	2043	2085	2090	2101	2106	2112	2125	2138	2181	2273	2289	2321	2331	2376	2377	2450	2505	2507	2514	2593	2597	2668	2832	2855	2938	3010	3014	3138	3194	3210	3258	3385	3401	3421	3443	3495	3565	3593	3607	3608	3705	3763	3783	3802	3810	3877	3891	3954	4063	4167	4267	4315	4336	4377	4395	4451	4496	4570	4587	4605	4610	4635	4692	4759	4805	4904	4998
132 124	133	164	217	227	252	324	337	400	407	448	458	466	478	492	493	557	603	668	725	776	866	867	898	917	973	989	1011	1026	1048	1054	1079	1108	1218	1237	1311	1343	1414	1444	1453	1462	1508	1545	1560	1610	1660	1666	1696	1736	1783	1824	1848	1866	1870	1884	1896	1985	1991	2023	2091	2097	2212	2224	2236	2243	2244	2253	2290	2318	2350	2382	2405	2438	2442	2463	2508	2516	2563	2592	2602	2658	2689	2698	2800	2911	2916	3197	3241	3262	3275	3282	3360	3392	3405	3413	3429	3508	3540	3587	3601	3735	3782	3788	3793	3798	3861	3906	3911	3931	3946	3976	4016	4138	4162	4186	4226	4230	4282	4419	4475	4512	4556	4687	4721	4742	4743	4776	4783	4836	4894	4929	4952
158 22	68	135	154	169	174	198	234	266	319	360	362	367	484	486	487	542	554	637	667	676	688	831	902	908	912	931	950	963	990	1044	1076	1077	1095	1111	1172	1344	1362	1389	1409	1410	1529	1646	1658	1725	1776	1801	1831	1861	1958	1983	2009	2045	2054	2055	2134	2149	2211	2234	2293	2296	2336	2403	2410	2443	2487	2498	2521	2523	2544	2558	2673	2736	2748	2830	2845	2927	2935	3003	3018	3037	3042	3098	3147	3171	3195	3201	3217	3263	3270	3285	3289	3315	3321	3346	3362	3395	3424	3447	3455	3542	3564	3566	3585	3597	3599	3631	3643	3662	3667	3753	3755	3792	3797	3814	3859	3872	3957	3979	3991	4008	4023	4040	4045	4048	4051	4057	4088	4129	4158	4187	4231	4305	4313	4314	4325	4327	4345	4359	4360	4401	4437	4442	4443	4502	4538	4582	4650	4673	4678	4711	4738	4747	4777	4787	4930	4941	4944
97 30	55	130	168	511	599	644	700	804	808	858	865	906	946	1055	1123	1183	1188	1234	1244	1267	1374	1387	1424	1538	1539	1547	1565	1574	1642	1676	1699	1703	1743	1747	1753	1875	1894	1942	1964	2044	2056	2102	2103	2128	2314	2401	2455	2506	2532	2549	2596	2630	2690	2731	2817	2931	3040	3143	3164	3166	3191	3202	3286	3290	3294	3410	3471	3514	3594	3658	3838	3845	3900	3944	3972	3997	4066	4072	4073	4135	4201	4219	4264	4275	4337	4494	4514	4615	4781	4849	4920	4926	4943	4971	4977	4979
650 3	5	8	14	19	21	27	28	29	36	39	44	54	56	57	59	63	64	69	70	71	80	87	90	116	120	137	139	140	142	147	152	155	160	161	165	179	185	189	190	206	208	209	212	215	218	223	226	230	238	240	261	263	269	276	280	283	287	296	297	301	309	320	332	353	368	373	376	398	402	411	432	440	444	450	463	465	481	485	495	514	535	539	541	546	548	551	575	576	583	588	589	592	593	598	601	606	609	616	619	621	648	655	656	661	669	682	683	692	697	720	723	728	734	748	753	755	785	789	802	819	840	843	856	863	869	872	875	884	893	897	910	915	921	924	952	968	970	971	975	994	998	1009	1017	1019	1042	1045	1061	1090	1091	1098	1099	1115	1118	1139	1140	1153	1154	1160	1166	1175	1180	1182	1189	1200	1223	1233	1255	1265	1275	1301	1305	1309	1314	1320	1327	1331	1336	1353	1373	1375	1385	1391	1404	1408	1412	1417	1440	1451	1471	1478	1483	1485	1491	1495	1502	1505	1511	1515	1521	1536	1540	1559	1573	1581	1589	1590	1593	1596	1599	1606	1618	1619	1620	1627	1632	1633	1652	1665	1667	1675	1678	1685	1687	1688	1693	1702	1707	1709	1728	1730	1742	1763	1767	1768	1775	1788	1798	1809	1812	1814	1820	1827	1833	1839	1843	1847	1849	1855	1873	1874	1876	1886	1891	1906	1915	1919	1923	1925	1926	1933	1940	1941	1945	1950	1951	1967	1977	2029	2036	2049	2051	2058	2070	2082	2083	2132	2151	2172	2197	2199	2201	2204	2214	2235	2238	2240	2249	2267	2279	2282	2292	2303	2327	2333	2334	2337	2354	2355	2371	2373	2386	2394	2395	2408	2411	2424	2433	2452	2462	2465	2468	2470	2475	2479	2482	2485	2486	2489	2491	2496	2499	2500	2504	2510	2515	2552	2562	2578	2584	2590	2603	2605	2606	2608	2611	2618	2629	2636	2645	2656	2660	2667	2671	2680	2682	2685	2695	2701	2707	2708	2719	2726	2740	2751	2773	2788	2790	2798	2799	2809	2816	2823	2825	2828	2831	2851	2852	2853	2862	2869	2872	2874	2875	2876	2883	2888	2899	2910	2923	2924	2925	2934	2951	2953	2967	2970	2979	2985	2996	3000	3019	3026	3041	3047	3052	3062	3067	3071	3079	3087	3100	3104	3109	3110	3113	3123	3128	3129	3135	3146	3149	3154	3160	3178	3189	3190	3196	3203	3205	3215	3228	3235	3249	3256	3261	3264	3267	3277	3280	3287	3291	3299	3304	3319	3324	3335	3340	3366	3372	3377	3397	3407	3415	3422	3437	3441	3454	3461	3466	3478	3482	3487	3522	3527	3529	3535	3538	3573	3575	3577	3579	3580	3586	3596	3617	3619	3626	3629	3642	3646	3654	3656	3659	3668	3670	3692	3703	3707	3710	3714	3718	3721	3728	3738	3748	3749	3751	3773	3779	3785	3790	3800	3807	3812	3816	3818	3825	3831	3839	3844	3851	3852	3878	3899	3903	3905	3912	3920	3926	3932	3936	3949	3953	3958	3960	3964	3975	3977	3981	3987	3994	4017	4035	4046	4049	4050	4062	4065	4069	4071	4077	4080	4092	4094	4098	4102	4108	4113	4122	4130	4132	4133	4143	4145	4148	4164	4170	4173	4177	4192	4202	4217	4218	4222	4224	4233	4237	4240	4243	4280	4289	4293	4300	4321	4331	4332	4334	4355	4363	4369	4378	4380	4396	4399	4403	4404	4405	4414	4427	4433	4464	4472	4473	4477	4481	4487	4495	4499	4509	4516	4525	4546	4547	4551	4564	4581	4590	4595	4603	4606	4607	4609	4616	4621	4629	4654	4658	4659	4693	4699	4722	4744	4755	4756	4768	4769	4782	4786	4791	4792	4796	4809	4813	4816	4829	4830	4838	4844	4846	4855	4862	4867	4870	4900	4921	4924	4932	4938	4942	4957	4964	4965	4967	4968	4974	4975	4976	4978	4990
44 50	122	166	456	529	926	964	983	1215	1306	1324	1363	1439	1449	1480	1681	1829	1856	2116	2271	2436	2624	2628	2631	2729	2905	3092	3134	3327	3376	3515	3549	3621	3743	3815	3826	3938	4003	4061	4209	4257	4302	4439	4485
